<?xml version="1.0" encoding="UTF-8" ?>
<!DOCTYPE log4j:configuration SYSTEM "log4j.dtd">

<log4j:configuration xmlns:log4j="http://jakarta.apache.org/log4j/">
	<appender name="CONSOLE" class="org.apache.log4j.ConsoleAppender">
		<layout class="org.apache.log4j.PatternLayout">
			<param name="ConversionPattern" value="%d %-5p [%c] - %m%n" />
		</layout>
     </appender>
     
	<appender name="fileAppender" class="org.apache.log4j.RollingFileAppender">
      <param name="append" value="false"/>
      <param name="file" value="debug.log"/>
      <layout class="org.apache.log4j.PatternLayout">
         <param name="ConversionPattern" value="%d{ABSOLUTE} %-5p [%c{1}] %m%n"/>
      </layout>
   </appender>

	<root>
		<priority value="debug" />
		<appender-ref ref="CONSOLE"/>
		<!-- uncomment to log to file 
		 <appender-ref ref="fileAppender"/>  -->
	</root>
</log4j:configuration>

