<?xml version="1.0" encoding="UTF-8" ?>
<!DOCTYPE log4j:configuration SYSTEM "log4j.dtd">

<log4j:configuration debug="true">
	<appender name="CONSOLE" class="org.apache.log4j.ConsoleAppender">
		<layout class="org.apache.log4j.PatternLayout">
			<param name="ConversionPattern" value="%d %-5p [%c] - %m%n" />
		</layout>
	</appender>

    <appender name="FILE" class="org.apache.log4j.RollingFileAppender">
        <param name="File" value="${ESLOGPATH}/Debug.log" />
        <param name="MaxFileSize" value="5000KB" />
        <param name="MaxBackupIndex" value="5" />
        <layout class="org.apache.log4j.PatternLayout">
            <param name="ConversionPattern" value="%d %-5p [${ESVERSION} - %c] - %m%n" />
        </layout>
    </appender>

	<root>
		<level value="DEBUG" />
		<appender-ref ref="CONSOLE" />
		<appender-ref ref="FILE" />
	</root>
</log4j:configuration>

